"BehaviorSpace results (NetLogo 7.0.3)","Table version 2.0"
"Wolf_Sheep_Predation_simpler.nlogox"
"experiment_100_100"
"08/13/2026 17:44:39:473 -0700"
"min-pxcor","max-pxcor","min-pycor","max-pycor"
"-25","25","-25","25"
"[run number]","wolf-reproduce","sheep-reproduce","grass-regrowth-time","[step]","land_with_grass","count sheep","count wolves"
"4","4","4","175","1500","59.746251441753174","23","0"
"7","4","4","200","1500","47.1357170319108","30","0"
"3","4","4","150","1500","66.47443291041907","36","0"
"2","4","4","150","1500","48.63514033064206","24","0"
"5","4","4","175","1500","52.01845444059977","5","0"
"6","4","4","175","1500","62.55286428296809","40","0"
"13","4","4","250","829","36.332179930795846","0","0"
"8","4","4","200","1500","68.319876970396","22","0"
"9","4","4","200","1500","47.520184544406","21","0"
"10","4","4","225","1500","29.219530949634756","35","0"
"11","4","4","225","1500","55.78623606305267","19","0"
"12","4","4","225","1500","57.67012687427912","28","0"
"14","4","4","250","1500","36.13994617454825","30","0"
"15","4","4","250","1500","51.018838908112265","24","0"
"17","4","6","150","1500","49.40407535563245","58","0"
"16","4","6","150","1500","68.39677047289504","36","0"
"18","4","6","150","1500","65.97462514417532","20","0"
"19","4","6","175","1500","41.983852364475204","41","0"
"23","4","6","200","552","67.3202614379085","0","0"
"20","4","6","175","1500","61.476355247981544","30","0"
"25","4","6","225","871","66.66666666666667","0","0"
"21","4","6","175","1500","61.553248750480584","18","0"
"27","4","6","225","221","66.62821991541715","0","0"
"29","4","6","250","213","58.169934640522875","0","0"
"22","4","6","200","1500","60.78431372549019","41","0"
"24","4","6","200","1500","34.17916186082276","56","0"
"32","4","8","150","187","80.04613610149943","0","0"
"30","4","6","250","550","28.98885044213764","0","0"
"26","4","6","225","1500","82.54517493271818","2","0"
"31","4","8","150","656","32.410611303344865","0","0"
"34","4","8","175","446","45.32871972318339","0","0"
"28","4","6","250","1168","73.12572087658593","0","0"
"38","4","8","200","112","50.403690888119954","0","0"
"36","4","8","175","383","26.758938869665513","0","0"
"37","4","8","200","471","20.41522491349481","0","0"
"41","4","8","225","91","44.7520184544406","0","0"
"33","4","8","150","988","32.91041906958862","0","0"
"43","4","8","250","200","53.056516724336795","0","0"
"35","4","8","175","1149","24.375240292195308","0","0"
"45","4","8","250","134","49.36562860438293","0","0"
"44","4","8","250","479","16.070742022299115","0","0"
"40","4","8","225","977","17.87773933102653","0","0"
"42","4","8","225","546","60.207612456747405","0","0"
"47","4","10","150","369","27.758554402153017","0","0"
"50","4","10","175","106","50.788158400615146","0","0"
"46","4","10","150","541","61.5916955017301","0","0"
"49","4","10","175","421","31.987697039600153","0","0"
"39","4","8","200","1500","22.106881968473665","54","0"
"54","4","10","200","117","47.98154555940023","0","0"
"56","4","10","225","115","44.09842368319877","0","0"
"53","4","10","200","691","58.90042291426374","0","0"
"52","4","10","200","799","18.185313341022685","0","0"
"55","4","10","225","489","46.59746251441753","0","0"
"51","4","10","175","1013","52.17224144559785","0","0"
"60","4","10","250","96","35.48635140330642","0","0"
"57","4","10","225","477","26.028450595924646","0","0"
"63","4","12","150","147","60.51518646674356","0","0"
"48","4","10","150","1500","38.83121876201461","37","0"
"58","4","10","250","630","37.94694348327566","0","0"
"64","4","12","175","182","70.35755478662053","0","0"
"65","4","12","175","106","46.28988850442138","0","0"
"68","4","12","200","98","43.21414840445982","0","0"
"67","4","12","200","161","54.51749327181853","0","0"
"70","4","12","225","123","48.32756632064591","0","0"
"66","4","12","175","392","21.299500192233758","0","0"
"59","4","10","250","989","36.716647443291045","0","0"
"73","4","12","250","112","45.55940023068051","0","0"
"72","4","12","225","196","61.89926951172626","0","0"
"74","4","12","250","74","33.756247597078044","0","0"
"69","4","12","200","516","38.48519800076893","0","0"
"75","4","12","250","84","39.90772779700115","0","0"
"76","4","14","150","146","53.94079200307574","0","0"
"77","4","14","150","141","61.43790849673203","0","0"
"79","4","14","175","123","56.439830834294504","0","0"
"80","4","14","175","140","56.86274509803921","0","0"
"81","4","14","175","136","51.44175317185698","0","0"
"82","4","14","200","119","51.249519415609385","0","0"
"62","4","12","150","1500","63.82160707420223","20","0"
"71","4","12","225","831","32.718185313341024","0","0"
"61","4","12","150","1500","32.21837754709727","47","0"
"84","4","14","200","117","40.984236831987694","0","0"
"83","4","14","200","164","57.43944636678201","0","0"
"85","4","14","225","83","39.946174548250674","0","0"
"86","4","14","225","181","58.8235294117647","0","0"
"87","4","14","225","140","44.44444444444444","0","0"
"89","4","14","250","112","43.483275663206456","0","0"
"88","4","14","250","140","50.51903114186851","0","0"
"93","4","16","150","133","52.71049596309112","0","0"
"90","4","14","250","83","35.793925413302574","0","0"
"95","4","16","175","351","11.14955786236063","0","0"
"96","4","16","175","475","47.327950788158404","0","0"
"78","4","14","150","1357","12.456747404844291","0","0"
"98","4","16","200","182","50.21145713187236","0","0"
"94","4","16","175","751","13.14878892733564","0","0"
"99","4","16","200","101","42.90657439446367","0","0"
"100","4","16","225","101","39.83083429450212","0","0"
"102","4","16","225","109","40.21530180699731","0","0"
"103","4","16","250","114","39.792387543252595","0","0"
"104","4","16","250","184","54.555940023068054","0","0"
"105","4","16","250","122","45.828527489427145","0","0"
"101","4","16","225","446","9.534794309880816","0","0"
"97","4","16","200","688","12.418300653594772","0","0"
"91","4","16","150","1368","23.952326028450596","0","0"
"106","4","18","150","328","22.452902729719337","0","0"
"110","4","18","175","87","41.63783160322953","0","0"
"92","4","16","150","1500","20.684352172241447","38","0"
"111","4","18","175","74","40.06151480199923","0","0"
"112","4","18","200","125","44.29065743944636","0","0"
"113","4","18","200","172","57.36255286428297","0","0"
"115","4","18","225","66","34.21760861207228","0","0"
"114","4","18","200","152","51.94156093810073","0","0"
"116","4","18","225","115","40.561322568242986","0","0"
"118","4","18","250","78","29.334871203383315","0","0"
"117","4","18","225","94","37.985390234525184","0","0"
"120","4","18","250","69","30.91118800461361","0","0"
"107","4","18","150","778","15.609381007304883","0","0"
"119","4","18","250","161","49.48096885813149","0","0"
"122","4","20","150","122","52.32602845059593","0","0"
"124","4","20","175","93","37.17800845828528","0","0"
"125","4","20","175","81","40.52287581699346","0","0"
"127","4","20","200","84","39.13879277201077","0","0"
"126","4","20","175","148","52.979623221837755","0","0"
"108","4","18","150","1002","13.80238369857747","0","0"
"128","4","20","200","59","38.600538254517495","0","0"
"123","4","20","150","414","7.535563244905806","0","0"
"130","4","20","225","68","36.60130718954248","0","0"
"131","4","20","225","81","39.52326028450596","0","0"
"133","4","20","250","70","37.40868896578239","0","0"
"135","4","20","250","65","35.6401384083045","0","0"
"132","4","20","225","226","55.59400230680507","0","0"
"134","4","20","250","152","45.32871972318339","0","0"
"129","4","20","200","365","14.071510957324106","0","0"
"109","4","18","175","1471","10.649750096116879","0","0"
"121","4","20","150","1500","16.99346405228758","12","0"
"136","6","4","150","1500","55.67089580930411","22","0"
"138","6","4","150","1500","55.70934256055364","38","0"
"137","6","4","150","1500","49.01960784313726","34","0"
"139","6","4","175","1500","65.43637062668205","7","0"
"145","6","4","225","232","79.0080738177624","0","0"
"140","6","4","175","1500","72.08765859284891","8","0"
"146","6","4","225","140","49.09650134563629","0","0"
"141","6","4","175","1500","68.319876970396","19","0"
"147","6","4","225","704","47.90465205690119","0","0"
"149","6","4","250","135","50.711264898116106","0","0"
"150","6","4","250","220","66.55132641291812","0","0"
"142","6","4","200","1500","41.906958861976165","17","0"
"144","6","4","200","1500","72.74125336409074","14","0"
"143","6","4","200","1500","48.981161091887735","33","0"
"148","6","4","250","1500","69.39638600538254","8","0"
"151","6","6","150","1500","49.63475586312956","24","0"
"152","6","6","150","1500","65.16724336793541","26","0"
"157","6","6","200","151","60.32295271049596","0","0"
"153","6","6","150","1500","37.754709727028064","22","0"
"154","6","6","175","1500","46.05920799692426","41","0"
"155","6","6","175","1500","55.094194540561325","11","0"
"161","6","6","225","102","43.44482891195694","0","0"
"156","6","6","175","1500","54.0561322568243","13","0"
"164","6","6","250","113","50.941945405613225","0","0"
"165","6","6","250","164","56.01691657054979","0","0"
"160","6","6","225","1061","32.641291810841984","0","0"
"158","6","6","200","1500","51.095732410611305","8","0"
"159","6","6","200","1500","51.05728565936178","19","0"
"162","6","6","225","1500","26.29757785467128","34","0"
"163","6","6","250","1500","57.631680123029604","17","0"
"166","6","8","150","1500","50.0961168781238","40","0"
"167","6","8","150","1500","41.09957708573626","63","0"
"168","6","8","150","1500","36.332179930795846","29","0"
"169","6","8","175","1500","80.50749711649365","26","0"
"174","6","8","200","98","46.05920799692426","0","0"
"173","6","8","200","477","41.25336409073433","0","0"
"170","6","8","175","1500","60.361399461745485","70","0"
"176","6","8","225","123","48.59669357939254","0","0"
"171","6","8","175","1500","61.74548250672818","38","0"
"178","6","8","250","232","59.05420991926182","0","0"
"172","6","8","200","1066","40.253748558246826","0","0"
"179","6","8","250","519","19.72318339100346","0","0"
"180","6","8","250","487","16.49365628604383","0","0"
"184","6","10","175","169","59.900038446751246","0","0"
"177","6","8","225","1226","38.79277201076509","0","0"
"185","6","10","175","379","42.368319876970396","0","0"
"175","6","8","225","1500","43.637062668204535","93","0"
"181","6","10","150","1130","30.2960399846213","0","0"
"186","6","10","175","411","33.910034602076124","0","0"
"187","6","10","200","407","27.181853133410225","0","0"
"191","6","10","225","121","45.520953479430986","0","0"
"190","6","10","225","121","40.71510957324106","0","0"
"182","6","10","150","1500","36.024605920799694","28","0"
"193","6","10","250","116","37.33179546328335","0","0"
"192","6","10","225","148","53.36409073433295","0","0"
"189","6","10","200","435","17.95463283352557","0","0"
"194","6","10","250","140","48.212226066897344","0","0"
"195","6","10","250","191","46.75124951941561","0","0"
"183","6","10","150","1500","74.2791234140715","24","0"
"196","6","12","150","325","12.072279892349096","0","0"
"201","6","12","175","625","15.455594002306805","0","0"
"188","6","10","200","1500","62.9757785467128","27","0"
"202","6","12","200","377","14.801999231064976","0","0"
"204","6","12","200","103","43.3679354094579","0","0"
"197","6","12","150","1500","22.22222222222222","56","0"
"198","6","12","150","1500","23.5678585159554","21","0"
"199","6","12","175","1500","26.95117262591311","10","0"
"200","6","12","175","1500","66.39753940792004","5","0"
"206","6","12","225","201","58.323721645520955","0","0"
"209","6","12","250","91","39.17723952326028","0","0"
"208","6","12","250","181","44.09842368319877","0","0"
"205","6","12","225","465","16.53210303729335","0","0"
"210","6","12","250","157","51.67243367935409","0","0"
"211","6","14","150","147","62.55286428296809","0","0"
"207","6","12","225","385","16.032295271049595","0","0"
"216","6","14","175","68","45.48250672818147","0","0"
"214","6","14","175","172","65.28258362168397","0","0"
"212","6","14","150","347","26.95117262591311","0","0"
"218","6","14","200","191","58.323721645520955","0","0"
"203","6","12","200","1304","27.181853133410225","0","0"
"215","6","14","175","357","12.764321414840445","0","0"
"221","6","14","225","84","37.17800845828528","0","0"
"220","6","14","225","118","44.482891195693966","0","0"
"219","6","14","200","195","54.709727028066126","0","0"
"222","6","14","225","82","37.48558246828143","0","0"
"223","6","14","250","82","43.59861591695502","0","0"
"217","6","14","200","476","13.76393694732795","0","0"
"224","6","14","250","114","44.13687043444829","0","0"
"226","6","16","150","134","56.6320645905421","0","0"
"227","6","16","150","94","52.133794694348325","0","0"
"225","6","14","250","234","57.8239138792772","0","0"
"231","6","16","175","112","50.788158400615146","0","0"
"233","6","16","200","122","48.827374086889655","0","0"
"228","6","16","150","312","20.607458669742407","0","0"
"230","6","16","175","345","16.916570549788542","0","0"
"236","6","16","225","115","41.7916186082276","0","0"
"237","6","16","225","116","41.522491349480966","0","0"
"234","6","16","200","361","13.302575932333717","0","0"
"235","6","16","225","370","12.187620146097654","0","0"
"232","6","16","200","591","13.456362937331795","0","0"
"240","6","16","250","73","37.79315647827759","0","0"
"238","6","16","250","174","53.97923875432526","0","0"
"239","6","16","250","144","43.90618992695117","0","0"
"244","6","18","175","67","40.330642060745866","0","0"
"213","6","14","150","1500","18.30065359477124","15","0"
"242","6","18","150","314","15.916955017301039","0","0"
"247","6","18","200","110","39.946174548250674","0","0"
"245","6","18","175","337","6.843521722414456","0","0"
"248","6","18","200","95","46.48212226066897","0","0"
"249","6","18","200","172","50.0961168781238","0","0"
"246","6","18","175","386","37.40868896578239","0","0"
"250","6","18","225","153","49.86543637062668","0","0"
"229","6","16","175","1500","28.9119569396386","155","0"
"253","6","18","250","63","32.333717800845825","0","0"
"251","6","18","225","150","45.059592464436754","0","0"
"252","6","18","225","95","39.638600538254515","0","0"
"254","6","18","250","107","41.906958861976165","0","0"
"256","6","20","150","91","44.7520184544406","0","0"
"257","6","20","150","93","53.24875048058439","0","0"
"258","6","20","150","76","39.29257977700884","0","0"
"259","6","20","175","90","37.63936947327951","0","0"
"260","6","20","175","95","44.82891195693964","0","0"
"261","6","20","175","72","38.75432525951557","0","0"
"262","6","20","200","92","39.17723952326028","0","0"
"263","6","20","200","108","40.86889657823914","0","0"
"266","6","20","225","72","39.10034602076124","0","0"
"255","6","18","250","442","11.07266435986159","0","0"
"265","6","20","225","140","46.82814302191465","0","0"
"264","6","20","200","201","59.13110342176086","0","0"
"243","6","18","150","1237","14.53287197231834","0","0"
"268","6","20","250","90","39.52326028450596","0","0"
"270","6","20","250","88","37.13956170703575","0","0"
"269","6","20","250","126","45.213379469434834","0","0"
"267","6","20","225","157","45.828527489427145","0","0"
"241","6","18","150","1500","49.25028835063437","113","0"
"1","4","4","150","1500","44.3675509419454","29","0"
"277","8","4","200","172","63.55247981545559","0","0"
"271","8","4","150","1500","48.827374086889655","33","0"
"272","8","4","150","1500","47.481737793156476","30","0"
"275","8","4","175","1500","56.978085351787776","29","0"
"274","8","4","175","1500","51.05728565936178","32","0"
"273","8","4","150","1500","47.020376778162245","35","0"
"280","8","4","225","150","55.97846981930027","0","0"
"276","8","4","175","1500","51.59554017685505","29","0"
"278","8","4","200","837","76.08612072279892","0","0"
"281","8","4","225","1500","61.553248750480584","34","0"
"279","8","4","200","1500","51.32641291810842","12","0"
"282","8","4","225","1500","71.47251057285659","10","0"
"283","8","4","250","1500","33.44867358708189","10","0"
"284","8","4","250","1500","51.74932718185313","28","0"
"285","8","4","250","1500","44.482891195693966","22","0"
"292","8","6","200","210","75.16339869281046","0","0"
"286","8","6","150","1500","65.39792387543253","24","0"
"293","8","6","200","653","42.90657439446367","0","0"
"289","8","6","175","1500","31.60322952710496","56","0"
"288","8","6","150","1500","62.12995001922337","5","0"
"291","8","6","175","1500","38.75432525951557","28","0"
"296","8","6","225","113","42.21453287197232","0","0"
"297","8","6","225","96","43.32948865820838","0","0"
"287","8","6","150","1500","43.67550941945406","40","0"
"290","8","6","175","1500","77.12418300653594","17","0"
"298","8","6","250","152","45.828527489427145","0","0"
"294","8","6","200","1500","43.82929642445213","54","0"
"303","8","8","150","430","54.90196078431372","0","0"
"305","8","8","175","119","56.209150326797385","0","0"
"299","8","6","250","792","70.8958093041138","0","0"
"295","8","6","225","1500","60.01537870049981","37","0"
"306","8","8","175","127","52.01845444059977","0","0"
"307","8","8","200","111","49.51941560938101","0","0"
"310","8","8","225","95","40.52287581699346","0","0"
"300","8","6","250","1500","54.709727028066126","26","0"
"301","8","8","150","1500","87.9277201076509","4","0"
"302","8","8","150","1500","38.523644752018456","75","0"
"312","8","8","225","146","50.0961168781238","0","0"
"313","8","8","250","150","51.40330642060746","0","0"
"314","8","8","250","210","54.709727028066126","0","0"
"309","8","8","200","1044","30.25759323337178","0","0"
"304","8","8","175","1287","63.1680123029604","0","0"
"316","8","10","150","381","37.17800845828528","0","0"
"315","8","8","250","606","43.98308342945021","0","0"
"308","8","8","200","1500","41.86851211072664","44","0"
"320","8","10","175","395","17.07035755478662","0","0"
"311","8","8","225","1500","18.069973087274125","21","0"
"323","8","10","200","156","58.63129565551711","0","0"
"324","8","10","200","121","47.82775855440215","0","0"
"322","8","10","200","447","26.566705113417918","0","0"
"326","8","10","225","78","35.4479046520569","0","0"
"325","8","10","225","159","55.86312956555171","0","0"
"328","8","10","250","101","44.82891195693964","0","0"
"329","8","10","250","99","43.52172241445598","0","0"
"327","8","10","225","147","52.71049596309112","0","0"
"330","8","10","250","133","50.173010380622834","0","0"
"333","8","12","150","183","73.89465590157631","0","0"
"332","8","12","150","385","29.02729719338716","0","0"
"334","8","12","175","137","51.51864667435602","0","0"
"317","8","10","150","1500","31.44944252210688","47","0"
"318","8","10","150","1500","70.81891580161476","37","0"
"336","8","12","175","109","49.78854286812764","0","0"
"319","8","10","175","1500","36.639753940792005","54","0"
"337","8","12","200","194","66.28219915417148","0","0"
"341","8","12","225","105","38.94655901576317","0","0"
"321","8","10","175","1500","43.021914648212224","38","0"
"342","8","12","225","161","49.86543637062668","0","0"
"339","8","12","200","416","10.841983852364475","0","0"
"335","8","12","175","625","19.569396386005383","0","0"
"344","8","12","250","110","45.905420991926185","0","0"
"340","8","12","225","479","17.72395232602845","0","0"
"343","8","12","250","236","53.47943098808151","0","0"
"349","8","14","175","113","46.55901576316801","0","0"
"347","8","14","150","326","19.454056132256824","0","0"
"331","8","12","150","1500","24.33679354094579","56","0"
"348","8","14","150","447","81.27643214148405","0","0"
"353","8","14","200","97","48.212226066897344","0","0"
"352","8","14","200","129","55.40176855055748","0","0"
"350","8","14","175","446","29.911572472126107","0","0"
"355","8","14","225","110","39.023452518262204","0","0"
"351","8","14","175","348","13.110342176086121","0","0"
"356","8","14","225","86","40.253748558246826","0","0"
"354","8","14","200","143","44.559784698193006","0","0"
"345","8","12","250","816","15.570934256055363","0","0"
"346","8","14","150","785","13.571703191080355","0","0"
"359","8","14","250","112","39.67704728950404","0","0"
"358","8","14","250","146","42.21453287197232","0","0"
"360","8","14","250","135","46.943483275663205","0","0"
"362","8","16","150","91","50.326797385620914","0","0"
"357","8","14","225","208","56.47827758554402","0","0"
"366","8","16","175","77","42.599000384467516","0","0"
"365","8","16","175","116","48.55824682814302","0","0"
"338","8","12","200","1500","46.36678200692042","32","0"
"363","8","16","150","251","18.800461361014996","0","0"
"361","8","16","150","332","14.725105728565936","0","0"
"367","8","16","200","215","71.01114955786237","0","0"
"369","8","16","200","156","53.44098423683199","0","0"
"373","8","16","250","62","37.29334871203383","0","0"
"371","8","16","225","107","44.7520184544406","0","0"
"364","8","16","175","354","17.72395232602845","0","0"
"372","8","16","225","165","55.28642829680892","0","0"
"374","8","16","250","131","42.445213379469436","0","0"
"375","8","16","250","129","44.7520184544406","0","0"
"370","8","16","225","398","13.264129181084199","0","0"
"378","8","18","150","153","61.28412149173395","0","0"
"382","8","18","200","92","40.06151480199923","0","0"
"381","8","18","175","121","48.17377931564783","0","0"
"379","8","18","175","303","12.418300653594772","0","0"
"368","8","16","200","676","10.111495578623606","0","0"
"385","8","18","225","80","36.409073433294886","0","0"
"384","8","18","200","149","53.78700499807766","0","0"
"386","8","18","225","98","43.21414840445982","0","0"
"380","8","18","175","416","13.956170703575548","0","0"
"388","8","18","250","113","34.71741637831603","0","0"
"387","8","18","225","144","48.36601307189542","0","0"
"389","8","18","250","91","39.869281045751634","0","0"
"390","8","18","250","99","39.29257977700884","0","0"
"383","8","18","200","399","9.84236831987697","0","0"
"392","8","20","150","73","40.94579008073818","0","0"
"394","8","20","175","66","40.484429065743946","0","0"
"393","8","20","150","78","38.446751249519416","0","0"
"391","8","20","150","104","52.979623221837755","0","0"
"396","8","20","175","57","38.48519800076893","0","0"
"399","8","20","200","59","36.255286428296806","0","0"
"395","8","20","175","121","56.055363321799305","0","0"
"398","8","20","200","107","43.52172241445598","0","0"
"401","8","20","225","79","37.44713571703191","0","0"
"400","8","20","225","128","46.1361014994233","0","0"
"402","8","20","225","77","39.13879277201077","0","0"
"403","8","20","250","128","42.32987312572088","0","0"
"376","8","18","150","990","19.146482122260668","0","0"
"404","8","20","250","104","39.06189926951173","0","0"
"405","8","20","250","109","35.40945790080738","0","0"
"397","8","20","200","371","18.685121107266436","0","0"
"411","10","4","175","356","95.19415609381008","0","0"
"377","8","18","150","1500","26.143790849673202","9","0"
"406","10","4","150","1500","61.13033448673587","29","0"
"410","10","4","175","1500","46.251441753171854","26","0"
"409","10","4","175","1500","44.17531718569781","32","0"
"407","10","4","150","1500","53.21030372933487","43","0"
"408","10","4","150","1500","50.0961168781238","57","0"
"417","10","4","225","159","52.94117647058823","0","0"
"412","10","4","200","1500","55.17108804306036","27","0"
"413","10","4","200","1390","31.60322952710496","0","0"
"420","10","4","250","218","58.861976163014226","0","0"
"419","10","4","250","842","37.87004998077663","0","0"
"416","10","4","225","1500","36.562860438292965","26","0"
"415","10","4","225","1500","52.441368704344484","9","0"
"414","10","4","200","1500","39.98462129950019","43","0"
"418","10","4","250","1500","51.095732410611305","19","0"
"421","10","6","150","1500","35.371011149557866","63","0"
"422","10","6","150","1500","48.67358708189158","30","0"
"426","10","6","175","743","48.86582083813918","0","0"
"423","10","6","150","1500","44.63667820069204","15","0"
"430","10","6","225","600","37.48558246828143","0","0"
"424","10","6","175","1500","64.82122260668973","30","0"
"425","10","6","175","1500","71.97231833910034","19","0"
"427","10","6","200","1500","46.251441753171854","46","0"
"431","10","6","225","620","64.59054209919262","0","0"
"435","10","6","250","100","41.061130334486734","0","0"
"434","10","6","250","138","50.711264898116106","0","0"
"433","10","6","250","391","68.01230296039985","0","0"
"429","10","6","200","1208","75.16339869281046","0","0"
"439","10","8","175","166","60.01537870049981","0","0"
"428","10","6","200","1500","34.90965013456363","12","0"
"440","10","8","175","419","33.179546328335256","0","0"
"443","10","8","200","120","47.251057285659364","0","0"
"438","10","8","150","965","74.93271818531333","0","0"
"445","10","8","225","281","83.5832372164552","0","0"
"446","10","8","225","101","40.75355632449058","0","0"
"432","10","6","225","1500","56.93963860053825","24","0"
"437","10","8","150","1500","28.219915417147252","32","0"
"448","10","8","250","146","50.01922337562476","0","0"
"436","10","8","150","1500","36.716647443291045","24","0"
"449","10","8","250","162","48.32756632064591","0","0"
"442","10","8","200","1219","38.83121876201461","0","0"
"450","10","8","250","190","49.750096116878126","0","0"
"447","10","8","225","430","13.494809688581315","0","0"
"441","10","8","175","1500","41.676278354479045","29","0"
"456","10","10","175","85","41.830065359477125","0","0"
"454","10","10","175","359","28.027681660899653","0","0"
"458","10","10","200","125","46.251441753171854","0","0"
"459","10","10","200","191","66.16685890042291","0","0"
"457","10","10","200","391","22.22222222222222","0","0"
"444","10","8","200","1500","35.67858515955402","45","0"
"460","10","10","225","84","35.8323721645521","0","0"
"461","10","10","225","122","44.79046520569012","0","0"
"462","10","10","225","109","41.061130334486734","0","0"
"455","10","10","175","893","62.12995001922337","0","0"
"465","10","10","250","102","40.17685505574779","0","0"
"464","10","10","250","134","38.17762399077278","0","0"
"451","10","10","150","1500","73.43329488658209","27","0"
"453","10","10","150","1301","59.47712418300654","0","0"
"469","10","12","175","93","45.71318723567858","0","0"
"452","10","10","150","1500","35.48635140330642","49","0"
"471","10","12","175","109","49.826989619377166","0","0"
"473","10","12","200","98","41.48404459823145","0","0"
"472","10","12","200","402","14.686658977316418","0","0"
"467","10","12","150","904","25.68242983467897","0","0"
"463","10","10","250","1122","25.336409073433295","0","0"
"476","10","12","225","112","40.52287581699346","0","0"
"477","10","12","225","111","46.943483275663205","0","0"
"474","10","12","200","523","53.24875048058439","0","0"
"478","10","12","250","99","42.32987312572088","0","0"
"468","10","12","150","1168","15.955401768550557","0","0"
"479","10","12","250","98","40.253748558246826","0","0"
"480","10","12","250","102","40.44598231449442","0","0"
"475","10","12","225","446","14.071510957324106","0","0"
"466","10","12","150","1500","50.74971164936563","58","0"
"483","10","14","150","332","17.87773933102653","0","0"
"485","10","14","175","290","15.455594002306805","0","0"
"482","10","14","150","415","31.372549019607842","0","0"
"484","10","14","175","433","17.72395232602845","0","0"
"489","10","14","200","93","45.597846981930026","0","0"
"488","10","14","200","127","48.94271434063822","0","0"
"487","10","14","200","174","60.5920799692426","0","0"
"490","10","14","225","98","43.06036139946175","0","0"
"491","10","14","225","108","39.67704728950404","0","0"
"486","10","14","175","296","18.723567858515956","0","0"
"493","10","14","250","90","34.83275663206459","0","0"
"492","10","14","225","159","49.55786236063053","0","0"
"470","10","12","175","1376","15.570934256055363","0","0"
"494","10","14","250","101","39.4079200307574","0","0"
"495","10","14","250","123","47.98154555940023","0","0"
"499","10","16","175","92","43.944636678200695","0","0"
"496","10","16","150","170","84.73663975394079","0","0"
"497","10","16","150","135","52.825836216839676","0","0"
"500","10","16","175","110","45.98231449442522","0","0"
"502","10","16","200","81","39.90772779700115","0","0"
"501","10","16","175","136","49.9038831218762","0","0"
"503","10","16","200","123","41.983852364475204","0","0"
"507","10","16","225","61","34.33294886582084","0","0"
"508","10","16","250","71","35.2556708958093","0","0"
"509","10","16","250","74","38.25451749327182","0","0"
"504","10","16","200","353","15.609381007304883","0","0"
"511","10","18","150","142","58.477508650519034","0","0"
"510","10","16","250","237","54.82506728181469","0","0"
"506","10","16","225","383","15.532487504805843","0","0"
"505","10","16","225","483","24.798154555940023","0","0"
"515","10","18","175","88","40.21530180699731","0","0"
"514","10","18","175","154","59.438677431757014","0","0"
"498","10","16","150","749","10.265282583621683","0","0"
"516","10","18","175","117","49.596309111880046","0","0"
"517","10","18","200","94","42.75278738946559","0","0"
"519","10","18","200","67","30.83429450211457","0","0"
"518","10","18","200","80","38.677431757016535","0","0"
"481","10","14","150","1500","39.06189926951173","16","0"
"523","10","18","250","58","33.44867358708189","0","0"
"520","10","18","225","142","50.249903883121874","0","0"
"521","10","18","225","96","37.06266820453671","0","0"
"522","10","18","225","79","34.02537485582468","0","0"
"525","10","18","250","97","38.216070742022296","0","0"
"528","10","20","150","89","46.71280276816609","0","0"
"513","10","18","150","480","11.995386389850058","0","0"
"524","10","18","250","270","78.70049980776625","0","0"
"530","10","20","175","96","42.368319876970396","0","0"
"531","10","20","175","131","52.902729719338716","0","0"
"529","10","20","175","160","54.0561322568243","0","0"
"532","10","20","200","67","38.0238369857747","0","0"
"533","10","20","200","81","39.75394079200308","0","0"
"534","10","20","200","82","38.90811226451365","0","0"
"536","10","20","225","97","37.254901960784316","0","0"
"537","10","20","225","77","34.33294886582084","0","0"
"512","10","18","150","816","45.86697424067666","0","0"
"538","10","20","250","107","38.13917723952326","0","0"
"540","10","20","250","79","32.98731257208766","0","0"
"535","10","20","225","371","17.0319108035371","0","0"
"539","10","20","250","198","49.55786236063053","0","0"
"527","10","20","150","698","9.073433294886582","0","0"
"526","10","20","150","1500","29.64244521337947","33","0"
"541","12","4","150","1500","54.74817377931565","26","0"
"542","12","4","150","1500","63.01422529796232","34","0"
"543","12","4","150","1500","55.74778931180315","30","0"
"544","12","4","175","1500","57.86236063052672","21","0"
"550","12","4","225","201","62.47597078046905","0","0"
"545","12","4","175","1500","40.023068050749714","40","0"
"546","12","4","175","1500","59.32333717800846","30","0"
"549","12","4","200","604","61.66858900422914","0","0"
"554","12","4","250","745","70.12687427912341","0","0"
"547","12","4","200","1500","45.9438677431757","32","0"
"548","12","4","200","1500","48.55824682814302","39","0"
"552","12","4","225","1500","80.69973087274126","19","0"
"553","12","4","250","1500","54.01768550557478","22","0"
"551","12","4","225","1500","82.7758554402153","5","0"
"555","12","4","250","1500","51.67243367935409","10","0"
"556","12","6","150","1500","48.09688581314879","56","0"
"557","12","6","150","1500","69.3194925028835","34","0"
"558","12","6","150","1500","62.245290272971936","46","0"
"564","12","6","200","194","64.43675509419454","0","0"
"563","12","6","200","535","41.33025759323337","0","0"
"559","12","6","175","1500","73.4717416378316","13","0"
"560","12","6","175","1500","40.023068050749714","24","0"
"568","12","6","250","89","44.32910419069589","0","0"
"561","12","6","175","1500","25.72087658592849","50","0"
"569","12","6","250","153","50.865051903114185","0","0"
"570","12","6","250","159","47.020376778162245","0","0"
"562","12","6","200","1500","60.361399461745485","3","0"
"567","12","6","225","1007","73.39484813533257","0","0"
"566","12","6","225","1500","61.51480199923107","11","0"
"565","12","6","225","1500","52.71049596309112","50","0"
"571","12","8","150","1500","38.86966551326413","26","0"
"577","12","8","200","227","83.89081122645136","0","0"
"572","12","8","150","1500","42.1760861207228","44","0"
"579","12","8","200","157","54.20991926182238","0","0"
"573","12","8","150","1500","61.43790849673203","56","0"
"574","12","8","175","1500","56.901191849288736","46","0"
"576","12","8","175","734","23.68319876970396","0","0"
"584","12","8","250","129","47.05882352941177","0","0"
"585","12","8","250","76","39.946174548250674","0","0"
"581","12","8","225","464","19.377162629757784","0","0"
"583","12","8","250","525","31.41099577085736","0","0"
"575","12","8","175","1500","28.681276432141484","57","0"
"580","12","8","225","862","13.994617454825068","0","0"
"582","12","8","225","888","19.83852364475202","0","0"
"578","12","8","200","1500","38.4083044982699","27","0"
"592","12","10","200","138","54.20991926182238","0","0"
"593","12","10","200","454","22.33756247597078","0","0"
"587","12","10","150","1500","24.413687043444828","32","0"
"595","12","10","225","92","45.17493271818531","0","0"
"586","12","10","150","1500","85.27489427143406","22","0"
"588","12","10","150","1500","18.800461361014996","22","0"
"594","12","10","200","227","79.58477508650519","0","0"
"596","12","10","225","92","41.522491349480966","0","0"
"589","12","10","175","1463","45.9438677431757","0","0"
"597","12","10","225","75","44.3675509419454","0","0"
"590","12","10","175","1500","27.64321414840446","29","0"
"591","12","10","175","1500","52.71049596309112","57","0"
"600","12","10","250","186","47.40484429065744","0","0"
"599","12","10","250","451","23.5678585159554","0","0"
"605","12","12","175","388","21.568627450980394","0","0"
"606","12","12","175","401","31.641676278354478","0","0"
"608","12","12","200","146","57.24721261053441","0","0"
"607","12","12","200","430","22.106881968473665","0","0"
"604","12","12","175","893","24.875048058439063","0","0"
"610","12","12","225","85","40.90734332948866","0","0"
"609","12","12","200","139","50.13456362937332","0","0"
"613","12","12","250","99","41.94540561322568","0","0"
"611","12","12","225","165","54.0561322568243","0","0"
"615","12","12","250","143","56.132256824298345","0","0"
"614","12","12","250","141","50.788158400615146","0","0"
"598","12","10","250","1450","65.28258362168397","0","0"
"601","12","12","150","1500","47.020376778162245","51","0"
"617","12","14","150","107","46.36678200692042","0","0"
"618","12","14","150","130","57.36255286428297","0","0"
"602","12","12","150","1500","25.18262206843522","72","0"
"619","12","14","175","145","61.43790849673203","0","0"
"603","12","12","150","1500","21.184159938485198","25","0"
"620","12","14","175","149","54.74817377931565","0","0"
"621","12","14","175","128","51.018838908112265","0","0"
"622","12","14","200","96","47.866205305651675","0","0"
"625","12","14","225","73","36.17839292579777","0","0"
"624","12","14","200","131","45.674740484429066","0","0"
"627","12","14","225","105","43.21414840445982","0","0"
"616","12","14","150","413","59.70780469050365","0","0"
"626","12","14","225","126","50.2883506343714","0","0"
"623","12","14","200","199","50.21145713187236","0","0"
"629","12","14","250","81","45.55940023068051","0","0"
"628","12","14","250","153","49.7116493656286","0","0"
"630","12","14","250","111","45.597846981930026","0","0"
"631","12","16","150","107","52.672049211841596","0","0"
"634","12","16","175","83","42.21453287197232","0","0"
"636","12","16","175","100","38.56209150326797","0","0"
"638","12","16","200","67","36.79354094579008","0","0"
"635","12","16","175","165","55.82468281430219","0","0"
"640","12","16","225","125","42.522106881968476","0","0"
"612","12","12","225","1073","14.109957708573626","0","0"
"633","12","16","150","341","22.029988465974625","0","0"
"643","12","16","250","89","35.371011149557866","0","0"
"637","12","16","200","390","34.525182622068435","0","0"
"644","12","16","250","68","35.06343713956171","0","0"
"632","12","16","150","624","16.724336793540946","0","0"
"646","12","18","150","108","43.713956170703575","0","0"
"639","12","16","200","419","16.916570549788542","0","0"
"645","12","16","250","172","48.289119569396384","0","0"
"642","12","16","225","433","32.29527104959631","0","0"
"651","12","18","175","163","63.05267204921184","0","0"
"652","12","18","200","85","38.216070742022296","0","0"
"653","12","18","200","72","38.25451749327182","0","0"
"641","12","16","225","683","9.803921568627452","0","0"
"648","12","18","150","299","12.49519415609381","0","0"
"654","12","18","200","98","42.71434063821607","0","0"
"656","12","18","225","82","35.75547866205306","0","0"
"649","12","18","175","381","17.185697808535178","0","0"
"655","12","18","225","189","52.24913494809689","0","0"
"659","12","18","250","90","34.755863129565554","0","0"
"660","12","18","250","82","40.21530180699731","0","0"
"661","12","20","150","73","43.40638216070742","0","0"
"650","12","18","175","545","12.149173394848136","0","0"
"657","12","18","225","410","15.455594002306805","0","0"
"665","12","20","175","136","50.01922337562476","0","0"
"666","12","20","175","71","33.179546328335256","0","0"
"668","12","20","200","61","35.56324490580546","0","0"
"664","12","20","175","307","7.420222991157247","0","0"
"658","12","18","250","485","18.954248366013072","0","0"
"663","12","20","150","398","57.28565936178393","0","0"
"670","12","20","225","58","33.94848135332565","0","0"
"671","12","20","225","96","41.138023836985774","0","0"
"669","12","20","200","118","42.67589388696655","0","0"
"672","12","20","225","100","41.753171856978085","0","0"
"673","12","20","250","93","37.71626297577855","0","0"
"662","12","20","150","522","11.457131872356786","0","0"
"667","12","20","200","328","10.726643598615917","0","0"
"675","12","20","250","79","39.600153787005","0","0"
"647","12","18","150","1251","69.81930026912725","0","0"
"674","12","20","250","428","9.803921568627452","0","0"
"676","14","4","150","1500","58.78508266051519","39","0"
"679","14","4","175","1500","41.71472510572857","30","0"
"677","14","4","150","1500","48.94271434063822","44","0"
"680","14","4","175","1500","58.246828143021915","15","0"
"678","14","4","150","1500","43.637062668204535","33","0"
"681","14","4","175","1500","62.36063052672049","35","0"
"682","14","4","200","1500","38.600538254517495","35","0"
"686","14","4","225","1500","74.39446366782006","20","0"
"685","14","4","225","1500","53.78700499807766","11","0"
"683","14","4","200","1500","47.75086505190311","45","0"
"684","14","4","200","1500","29.950019223375623","16","0"
"687","14","4","225","1500","55.094194540561325","43","0"
"688","14","4","250","1500","47.327950788158404","7","0"
"689","14","4","250","1500","39.06189926951173","25","0"
"691","14","6","150","1500","29.988465974625143","45","0"
"692","14","6","150","1500","40.561322568242986","39","0"
"693","14","6","150","1500","34.2560553633218","62","0"
"690","14","4","250","1500","33.37178008458285","15","0"
"694","14","6","175","1500","37.677816224529025","39","0"
"700","14","6","225","110","47.21261053440984","0","0"
"696","14","6","175","1500","43.3679354094579","26","0"
"695","14","6","175","1500","63.39869281045752","44","0"
"701","14","6","225","160","54.74817377931565","0","0"
"704","14","6","250","77","45.17493271818531","0","0"
"702","14","6","225","170","57.51633986928105","0","0"
"703","14","6","250","513","36.10149942329873","0","0"
"705","14","6","250","500","17.339484813533257","0","0"
"709","14","8","175","108","53.32564398308343","0","0"
"698","14","6","200","1500","48.63514033064206","60","0"
"699","14","6","200","1500","33.833141099577084","20","0"
"711","14","8","175","138","52.979623221837755","0","0"
"697","14","6","200","1500","59.592464436755094","38","0"
"707","14","8","150","1500","58.78508266051519","19","0"
"706","14","8","150","1500","43.944636678200695","34","0"
"716","14","8","225","116","46.17454825067282","0","0"
"713","14","8","200","523","71.16493656286043","0","0"
"718","14","8","250","131","49.01960784313726","0","0"
"708","14","8","150","1500","40.67666282199154","32","0"
"715","14","8","225","526","31.910803537101113","0","0"
"720","14","8","250","134","49.288735101883894","0","0"
"710","14","8","175","1500","47.481737793156476","50","0"
"717","14","8","225","487","27.64321414840446","0","0"
"719","14","8","250","621","26.182237600922722","0","0"
"724","14","10","175","445","33.37178008458285","0","0"
"712","14","8","200","1500","44.559784698193006","40","0"
"727","14","10","200","87","45.55940023068051","0","0"
"714","14","8","200","1500","43.40638216070742","17","0"
"728","14","10","200","498","22.22222222222222","0","0"
"730","14","10","225","153","44.29065743944636","0","0"
"731","14","10","225","125","46.09765474817378","0","0"
"723","14","10","150","1500","46.82814302191465","66","0"
"721","14","10","150","1500","21.79930795847751","31","0"
"726","14","10","175","1044","43.25259515570934","0","0"
"732","14","10","225","68","41.40715109573241","0","0"
"722","14","10","150","1500","29.1041906958862","45","0"
"734","14","10","250","85","45.213379469434834","0","0"
"729","14","10","200","760","22.14532871972318","0","0"
"735","14","10","250","182","59.28489042675894","0","0"
"733","14","10","250","423","9.688581314878892","0","0"
"739","14","12","175","405","10.149942329873126","0","0"
"725","14","10","175","1500","47.44329104190696","42","0"
"741","14","12","175","232","84.65974625144176","0","0"
"738","14","12","150","581","24.99038831218762","0","0"
"743","14","12","200","130","47.90465205690119","0","0"
"745","14","12","225","171","54.36370626682045","0","0"
"742","14","12","200","425","30.91118800461361","0","0"
"747","14","12","225","70","35.67858515955402","0","0"
"748","14","12","250","105","48.289119569396384","0","0"
"749","14","12","250","148","49.01960784313726","0","0"
"744","14","12","200","538","46.17454825067282","0","0"
"750","14","12","250","143","48.36601307189542","0","0"
"746","14","12","225","483","17.608612072279893","0","0"
"736","14","12","150","1500","39.792387543252595","74","0"
"737","14","12","150","1500","30.180699730872742","12","0"
"754","14","14","175","407","53.8638985005767","0","0"
"740","14","12","175","1500","45.290272971933874","4","0"
"757","14","14","200","137","48.78892733564014","0","0"
"758","14","14","200","117","50.326797385620914","0","0"
"755","14","14","175","358","12.264513648596694","0","0"
"756","14","14","175","374","15.032679738562091","0","0"
"761","14","14","225","164","54.28681276432142","0","0"
"752","14","14","150","854","21.06881968473664","0","0"
"762","14","14","225","74","36.60130718954248","0","0"
"763","14","14","250","100","35.140330642060746","0","0"
"765","14","14","250","126","46.52056901191849","0","0"
"760","14","14","225","458","15.417147251057285","0","0"
"759","14","14","200","498","22.914263744713573","0","0"
"764","14","14","250","517","12.226066897347174","0","0"
"751","14","14","150","1500","42.82968089196463","91","0"
"770","14","16","175","97","44.482891195693966","0","0"
"753","14","14","150","1500","29.873125720876587","128","0"
"773","14","16","200","162","56.055363321799305","0","0"
"774","14","16","200","84","30.603613994617454","0","0"
"772","14","16","200","321","15.14801999231065","0","0"
"771","14","16","175","371","26.720492118415994","0","0"
"775","14","16","225","109","41.63783160322953","0","0"
"776","14","16","225","183","52.17224144559785","0","0"
"778","14","16","250","185","52.441368704344484","0","0"
"779","14","16","250","94","35.06343713956171","0","0"
"780","14","16","250","86","32.8719723183391","0","0"
"767","14","16","150","1184","25.02883506343714","0","0"
"777","14","16","225","432","7.381776239907728","0","0"
"781","14","18","150","281","20.761245674740483","0","0"
"766","14","16","150","1500","64.51364859669359","112","0"
"768","14","16","150","1500","10.57285659361784","34","0"
"769","14","16","175","1500","26.29757785467128","70","0"
"782","14","18","150","501","11.303344867358708","0","0"
"788","14","18","200","79","34.02537485582468","0","0"
"785","14","18","175","357","6.920415224913495","0","0"
"787","14","18","200","95","39.83083429450212","0","0"
"783","14","18","150","500","16.955017301038062","0","0"
"791","14","18","225","82","42.02229911572472","0","0"
"790","14","18","225","74","33.71780084582853","0","0"
"792","14","18","225","92","39.36947327950788","0","0"
"786","14","18","175","329","11.995386389850058","0","0"
"789","14","18","200","169","55.017301038062286","0","0"
"794","14","18","250","89","40.83044982698962","0","0"
"793","14","18","250","124","41.7916186082276","0","0"
"795","14","18","250","111","44.59823144944252","0","0"
"800","14","20","175","77","37.94694348327566","0","0"
"799","14","20","175","126","46.1361014994233","0","0"
"796","14","20","150","274","17.339484813533257","0","0"
"801","14","20","175","321","7.074202229911572","0","0"
"805","14","20","225","76","30.488273740868898","0","0"
"798","14","20","150","477","21.184159938485198","0","0"
"803","14","20","200","360","13.302575932333717","0","0"
"806","14","20","225","135","46.52056901191849","0","0"
"808","14","20","250","67","30.026912725874663","0","0"
"807","14","20","225","135","50.865051903114185","0","0"
"784","14","18","175","1304","13.494809688581315","0","0"
"810","14","20","250","109","41.29181084198385","0","0"
"809","14","20","250","137","42.21453287197232","0","0"
"802","14","20","200","659","10.073048827374087","0","0"
"804","14","20","200","690","17.185697808535178","0","0"
"797","14","20","150","1184","11.572472126105344","0","0"
"811","16","4","150","1500","41.983852364475204","48","0"
"812","16","4","150","1500","60.78431372549019","6","0"
"813","16","4","150","1500","46.21299500192234","23","0"
"814","16","4","175","1500","41.44559784698193","49","0"
"815","16","4","175","1500","65.59015763168013","15","0"
"818","16","4","200","169","66.20530565167243","0","0"
"816","16","4","175","1500","47.82775855440215","29","0"
"817","16","4","200","1500","50.21145713187236","18","0"
"825","16","4","250","201","59.438677431757014","0","0"
"823","16","4","250","1040","41.599384851980005","0","0"
"820","16","4","225","1500","51.51864667435602","12","0"
"821","16","4","225","1500","55.67089580930411","1","0"
"822","16","4","225","1500","53.24875048058439","7","0"
"819","16","4","200","1500","46.1361014994233","28","0"
"824","16","4","250","1500","30.2960399846213","14","0"
"826","16","6","150","1500","40.52287581699346","37","0"
"832","16","6","200","745","60.361399461745485","0","0"
"834","16","6","200","137","51.36485966935794","0","0"
"827","16","6","150","1500","72.74125336409074","24","0"
"829","16","6","175","1500","36.13994617454825","38","0"
"828","16","6","150","1500","45.520953479430986","27","0"
"830","16","6","175","1500","45.444059976931946","10","0"
"837","16","6","225","138","46.78969627066513","0","0"
"831","16","6","175","1500","37.831603229527104","27","0"
"838","16","6","250","188","59.09265667051134","0","0"
"835","16","6","225","577","54.97885428681276","0","0"
"836","16","6","225","843","23.337178008458284","0","0"
"833","16","6","200","1500","75.70165321030373","23","0"
"844","16","8","175","148","55.017301038062286","0","0"
"840","16","6","250","676","84.65974625144176","0","0"
"843","16","8","150","672","44.82891195693964","0","0"
"848","16","8","200","222","83.89081122645136","0","0"
"846","16","8","175","425","34.21760861207228","0","0"
"849","16","8","200","164","51.90311418685121","0","0"
"851","16","8","225","104","41.71472510572857","0","0"
"839","16","6","250","1500","28.87351018838908","28","0"
"852","16","8","225","122","48.59669357939254","0","0"
"841","16","8","150","1500","57.8239138792772","17","0"
"854","16","8","250","119","43.90618992695117","0","0"
"842","16","8","150","1500","49.7116493656286","43","0"
"853","16","8","250","221","66.7435601691657","0","0"
"855","16","8","250","216","56.59361783929258","0","0"
"859","16","10","175","141","62.20684352172241","0","0"
"860","16","10","175","114","55.2479815455594","0","0"
"845","16","8","175","1500","54.90196078431372","21","0"
"847","16","8","200","1500","33.98692810457516","36","0"
"862","16","10","200","146","50.98039215686274","0","0"
"861","16","10","175","229","82.04536716647443","0","0"
"863","16","10","200","448","30.2960399846213","0","0"
"850","16","8","225","1500","40.023068050749714","23","0"
"864","16","10","200","471","17.87773933102653","0","0"
"867","16","10","225","131","46.52056901191849","0","0"
"866","16","10","225","201","55.94002306805075","0","0"
"865","16","10","225","499","19.91541714725106","0","0"
"856","16","10","150","1500","45.905420991926185","35","0"
"858","16","10","150","1500","62.12995001922337","48","0"
"857","16","10","150","1500","30.142252979623223","26","0"
"868","16","10","250","555","28.33525567089581","0","0"
"872","16","12","150","147","61.476355247981544","0","0"
"873","16","12","150","138","59.515570934256054","0","0"
"869","16","10","250","539","22.068435217224145","0","0"
"878","16","12","200","183","57.400999615532484","0","0"
"876","16","12","175","372","30.98808150711265","0","0"
"880","16","12","225","109","42.21453287197232","0","0"
"875","16","12","175","684","26.220684352172242","0","0"
"881","16","12","225","174","58.78508266051519","0","0"
"882","16","12","225","96","44.09842368319877","0","0"
"883","16","12","250","93","37.29334871203383","0","0"
"884","16","12","250","117","46.90503652441369","0","0"
"879","16","12","200","662","12.725874663590927","0","0"
"870","16","10","250","1416","30.103806228373703","0","0"
"885","16","12","250","238","56.209150326797385","0","0"
"871","16","12","150","1500","19.223375624759708","61","0"
"889","16","14","175","134","54.402153018069974","0","0"
"874","16","12","175","1500","59.361783929257975","15","0"
"890","16","14","175","389","17.301038062283737","0","0"
"877","16","12","200","1500","21.337946943483274","22","0"
"892","16","14","200","185","67.01268742791234","0","0"
"886","16","14","150","775","20.569011918492887","0","0"
"894","16","14","200","159","55.20953479430988","0","0"
"895","16","14","225","127","44.32910419069589","0","0"
"898","16","14","250","70","38.86966551326413","0","0"
"893","16","14","200","373","7.650903498654364","0","0"
"899","16","14","250","122","37.677816224529025","0","0"
"900","16","14","250","75","38.94655901576317","0","0"
"896","16","14","225","440","21.222606689734718","0","0"
"897","16","14","225","436","20.33833141099577","0","0"
"904","16","16","175","120","49.826989619377166","0","0"
"901","16","16","150","341","39.13879277201077","0","0"
"903","16","16","150","255","23.260284505959245","0","0"
"887","16","14","150","1500","41.94540561322568","22","0"
"907","16","16","200","106","49.09650134563629","0","0"
"888","16","14","150","1500","27.374086889657825","50","0"
"908","16","16","200","124","44.79046520569012","0","0"
"905","16","16","175","343","11.11111111111111","0","0"
"909","16","16","200","145","51.13417916186082","0","0"
"911","16","16","225","77","40.75355632449058","0","0"
"910","16","16","225","115","48.36601307189542","0","0"
"914","16","16","250","75","31.910803537101113","0","0"
"913","16","16","250","113","37.06266820453671","0","0"
"891","16","14","175","1500","47.90465205690119","68","0"
"915","16","16","250","119","40.561322568242986","0","0"
"919","16","18","175","85","43.59861591695502","0","0"
"912","16","16","225","420","12.687427912341407","0","0"
"920","16","18","175","116","49.32718185313341","0","0"
"916","16","18","150","326","19.415609381007304","0","0"
"922","16","18","200","102","41.71472510572857","0","0"
"921","16","18","175","146","47.866205305651675","0","0"
"923","16","18","200","130","38.75432525951557","0","0"
"924","16","18","200","80","35.56324490580546","0","0"
"925","16","18","225","118","39.44636678200692","0","0"
"926","16","18","225","95","44.21376393694733","0","0"
"927","16","18","225","137","52.748942714340636","0","0"
"929","16","18","250","85","41.21491733948481","0","0"
"928","16","18","250","152","47.097270280661284","0","0"
"902","16","16","150","1500","17.493271818531333","18","0"
"930","16","18","250","115","42.48366013071895","0","0"
"931","16","20","150","141","57.32410611303345","0","0"
"932","16","20","150","141","55.86312956555171","0","0"
"936","16","20","175","107","46.75124951941561","0","0"
"933","16","20","150","290","15.22491349480969","0","0"
"935","16","20","175","173","52.210688196847364","0","0"
"937","16","20","200","78","34.56362937331795","0","0"
"906","16","16","175","1464","10.303729334871203","0","0"
"938","16","20","200","59","35.217224144559786","0","0"
"939","16","20","200","84","45.36716647443291","0","0"
"934","16","20","175","335","21.953094963475586","0","0"
"940","16","20","225","94","42.40676662821991","0","0"
"941","16","20","225","99","40.638216070742025","0","0"
"942","16","20","225","112","48.59669357939254","0","0"
"943","16","20","250","83","36.716647443291045","0","0"
"945","16","20","250","74","38.4083044982699","0","0"
"944","16","20","250","173","49.134948096885815","0","0"
"918","16","18","150","1500","76.8166089965398","45","0"
"917","16","18","150","1500","17.91618608227605","56","0"
"946","18","4","150","1500","50.44213763936947","30","0"
"948","18","4","150","1500","59.86159169550173","30","0"
"950","18","4","175","1500","47.28950403690888","53","0"
"949","18","4","175","1500","42.56055363321799","22","0"
"947","18","4","150","1500","48.750480584390615","45","0"
"951","18","4","175","1500","46.82814302191465","32","0"
"952","18","4","200","1500","37.63936947327951","26","0"
"958","18","4","250","1022","92.54133025759323","0","0"
"955","18","4","225","1500","69.85774702037678","43","0"
"956","18","4","225","1500","38.17762399077278","48","0"
"953","18","4","200","1500","61.20722798923491","6","0"
"957","18","4","225","1500","48.05843906189927","7","0"
"954","18","4","200","1500","42.945021145713184","21","0"
"959","18","4","250","1500","70.08842752787389","8","0"
"960","18","4","250","1500","57.477893118031524","44","0"
"962","18","6","150","1500","65.47481737793156","38","0"
"961","18","6","150","1500","37.254901960784316","28","0"
"963","18","6","150","1500","38.677431757016535","56","0"
"964","18","6","175","1500","35.371011149557866","17","0"
"970","18","6","225","154","55.20953479430988","0","0"
"968","18","6","200","196","63.47558631295656","0","0"
"972","18","6","225","113","36.13994617454825","0","0"
"965","18","6","175","1500","43.098808150711264","25","0"
"975","18","6","250","127","52.09534794309881","0","0"
"974","18","6","250","183","59.361783929257975","0","0"
"973","18","6","250","161","55.94002306805075","0","0"
"966","18","6","175","1500","37.0242214532872","20","0"
"967","18","6","200","1500","52.59515570934256","26","0"
"971","18","6","225","1500","22.3760092272203","51","0"
"969","18","6","200","1500","42.90657439446367","7","0"
"977","18","8","150","1500","61.16878123798539","29","0"
"979","18","8","175","1500","47.28950403690888","21","0"
"978","18","8","150","1500","58.97731641676278","31","0"
"976","18","8","150","1500","56.824298346789696","69","0"
"982","18","8","200","424","34.2560553633218","0","0"
"983","18","8","200","161","62.89888504421376","0","0"
"985","18","8","225","103","49.17339484813533","0","0"
"988","18","8","250","105","39.33102652825836","0","0"
"989","18","8","250","77","40.86889657823914","0","0"
"987","18","8","225","499","29.950019223375623","0","0"
"986","18","8","225","513","32.83352556708958","0","0"
"991","18","10","150","334","37.63936947327951","0","0"
"992","18","10","150","84","49.78854286812764","0","0"
"984","18","8","200","499","41.906958861976165","0","0"
"990","18","8","250","566","22.760476739715493","0","0"
"981","18","8","175","1212","44.02153018069973","0","0"
"980","18","8","175","1500","32.8719723183391","65","0"
"997","18","10","200","139","57.97770088427528","0","0"
"998","18","10","200","129","49.51941560938101","0","0"
"994","18","10","175","314","35.02499038831219","0","0"
"999","18","10","200","165","57.86236063052672","0","0"
"1000","18","10","225","94","44.05997693194925","0","0"
"1001","18","10","225","141","56.40138408304498","0","0"
"1003","18","10","250","92","44.3675509419454","0","0"
"1002","18","10","225","152","57.97770088427528","0","0"
"1005","18","10","250","76","44.32910419069589","0","0"
"1004","18","10","250","149","46.55901576316801","0","0"
"996","18","10","175","419","55.97846981930027","0","0"
"1009","18","12","175","153","60.053825451749326","0","0"
"1010","18","12","175","111","52.979623221837755","0","0"
"1006","18","12","150","320","35.947712418300654","0","0"
"1012","18","12","200","143","47.1357170319108","0","0"
"1008","18","12","150","338","29.41176470588235","0","0"
"1013","18","12","200","151","51.787773933102656","0","0"
"1014","18","12","200","147","50.36524413687044","0","0"
"1015","18","12","225","144","50.44213763936947","0","0"
"1011","18","12","175","382","21.876201460976546","0","0"
"1016","18","12","225","144","44.559784698193006","0","0"
"995","18","10","175","943","38.98500576701269","0","0"
"1007","18","12","150","697","41.753171856978085","0","0"
"1017","18","12","225","108","46.59746251441753","0","0"
"1018","18","12","250","134","51.86466743560169","0","0"
"1019","18","12","250","116","38.90811226451365","0","0"
"1022","18","14","150","107","57.86236063052672","0","0"
"1023","18","14","150","139","50.941945405613225","0","0"
"1024","18","14","175","166","53.32564398308343","0","0"
"1026","18","14","175","110","52.09534794309881","0","0"
"1029","18","14","200","62","45.98231449442522","0","0"
"993","18","10","150","1500","39.75394079200308","55","0"
"1028","18","14","200","169","56.24759707804691","0","0"
"1030","18","14","225","107","43.098808150711264","0","0"
"1020","18","12","250","581","27.297193387158785","0","0"
"1025","18","14","175","402","12.49519415609381","0","0"
"1021","18","14","150","643","13.994617454825068","0","0"
"1034","18","14","250","121","41.676278354479045","0","0"
"1035","18","14","250","124","44.9442522106882","0","0"
"1031","18","14","225","454","16.878123798539022","0","0"
"1033","18","14","250","470","15.14801999231065","0","0"
"1032","18","14","225","501","32.75663206459054","0","0"
"1036","18","16","150","295","16.070742022299115","0","0"
"1037","18","16","150","323","21.14571318723568","0","0"
"1041","18","16","175","120","48.94271434063822","0","0"
"1042","18","16","200","134","50.865051903114185","0","0"
"1044","18","16","200","106","43.713956170703575","0","0"
"1045","18","16","225","64","40.253748558246826","0","0"
"1046","18","16","225","112","47.520184544406","0","0"
"1047","18","16","225","89","40.83044982698962","0","0"
"1039","18","16","175","540","10.303729334871203","0","0"
"1048","18","16","250","60","36.29373317954633","0","0"
"1049","18","16","250","90","38.98500576701269","0","0"
"1043","18","16","200","346","12.264513648596694","0","0"
"1038","18","16","150","551","16.186082276047674","0","0"
"1053","18","18","150","99","51.44175317185698","0","0"
"1055","18","18","175","60","41.44559784698193","0","0"
"1054","18","18","175","106","43.13725490196079","0","0"
"1057","18","18","200","77","39.36947327950788","0","0"
"1051","18","18","150","353","6.843521722414456","0","0"
"1052","18","18","150","298","28.450595924644368","0","0"
"1027","18","14","200","1500","15.417147251057285","32","0"
"1050","18","16","250","378","19.530949634755864","0","0"
"1058","18","18","200","82","38.86966551326413","0","0"
"1059","18","18","200","94","39.561707035755475","0","0"
"1060","18","18","225","104","48.44290657439446","0","0"
"1062","18","18","225","109","44.09842368319877","0","0"
"1063","18","18","250","92","38.446751249519416","0","0"
"1064","18","18","250","66","39.600153787005","0","0"
"1061","18","18","225","151","42.90657439446367","0","0"
"1056","18","18","175","390","7.381776239907728","0","0"
"1065","18","18","250","190","55.13264129181084","0","0"
"1040","18","16","175","1101","15.647827758554403","0","0"
"1070","18","20","175","118","43.21414840445982","0","0"
"1071","18","20","175","87","40.13840830449827","0","0"
"1072","18","20","200","108","42.71434063821607","0","0"
"1066","18","20","150","309","15.686274509803921","0","0"
"1073","18","20","200","119","45.25182622068435","0","0"
"1074","18","20","200","109","38.677431757016535","0","0"
"1076","18","20","225","102","35.52479815455594","0","0"
"1075","18","20","225","176","51.095732410611305","0","0"
"1078","18","20","250","118","45.136485966935794","0","0"
"1079","18","20","250","84","36.94732795078816","0","0"
"1080","18","20","250","105","39.25413302575932","0","0"
"1077","18","20","225","211","48.13533256439831","0","0"
"1068","18","20","150","1135","25.68242983467897","0","0"
"1069","18","20","175","1005","13.187235678585159","0","0"
"1067","18","20","150","1288","28.604382929642444","0","0"
"1087","20","4","200","206","68.74279123414071","0","0"
"1081","20","4","150","1500","66.78200692041523","26","0"
"1082","20","4","150","1500","53.51787773933103","27","0"
"1083","20","4","150","1500","49.673202614379086","20","0"
"1084","20","4","175","1500","41.138023836985774","38","0"
"1085","20","4","175","1500","63.39869281045752","14","0"
"1086","20","4","175","1500","50.711264898116106","18","0"
"1093","20","4","250","209","61.66858900422914","0","0"
"1088","20","4","200","1500","43.40638216070742","21","0"
"1091","20","4","225","1090","68.08919646289888","0","0"
"1089","20","4","200","1500","61.86082276047674","31","0"
"1090","20","4","225","1461","57.01653210303729","0","0"
"1092","20","4","225","1500","42.75278738946559","35","0"
"1094","20","4","250","1441","37.677816224529025","0","0"
"1095","20","4","250","1500","45.79008073817762","22","0"
"1097","20","6","150","1500","71.04959630911188","24","0"
"1096","20","6","150","1500","54.13302575932334","41","0"
"1098","20","6","150","1500","63.62937331795463","31","0"
"1099","20","6","175","1500","38.446751249519416","13","0"
"1105","20","6","225","129","51.21107266435986","0","0"
"1100","20","6","175","1500","65.09034986543637","29","0"
"1104","20","6","200","555","52.01845444059977","0","0"
"1107","20","6","225","160","54.171472510572855","0","0"
"1108","20","6","250","163","52.441368704344484","0","0"
"1101","20","6","175","1500","51.67243367935409","35","0"
"1106","20","6","225","603","29.296424452133795","0","0"
"1102","20","6","200","1500","70.66512879661668","30","0"
"1109","20","6","250","601","42.67589388696655","0","0"
"1103","20","6","200","1293","35.75547866205306","0","0"
"1110","20","6","250","570","28.37370242214533","0","0"
"1117","20","8","200","116","47.481737793156476","0","0"
"1111","20","8","150","1500","50.326797385620914","65","0"
"1112","20","8","150","1500","51.51864667435602","9","0"
"1119","20","8","200","153","60.438292964244525","0","0"
"1113","20","8","150","1500","28.604382929642444","39","0"
"1115","20","8","175","1500","30.87274125336409","71","0"
"1114","20","8","175","1500","62.89888504421376","25","0"
"1122","20","8","225","181","57.86236063052672","0","0"
"1116","20","8","175","1500","49.01960784313726","49","0"
"1123","20","8","250","243","67.51249519415609","0","0"
"1120","20","8","225","508","31.218762014609766","0","0"
"1125","20","8","250","195","64.39830834294501","0","0"
"1121","20","8","225","582","47.28950403690888","0","0"
"1118","20","8","200","1500","29.373317954632835","46","0"
"1124","20","8","250","583","15.14801999231065","0","0"
"1132","20","10","200","423","37.908496732026144","0","0"
"1126","20","10","150","1500","20.41522491349481","30","0"
"1128","20","10","150","1500","54.0561322568243","53","0"
"1129","20","10","175","1500","29.45021145713187","33","0"
"1130","20","10","175","1500","49.32718185313341","69","0"
"1131","20","10","175","1500","53.09496347558631","35","0"
"1134","20","10","200","426","26.835832372164553","0","0"
"1136","20","10","225","177","50.788158400615146","0","0"
"1135","20","10","225","260","82.89119569396387","0","0"
"1127","20","10","150","1500","46.943483275663205","42","0"
"1137","20","10","225","101","43.82929642445213","0","0"
"1138","20","10","250","130","43.175701653210304","0","0"
"1139","20","10","250","89","38.17762399077278","0","0"
"1133","20","10","200","1088","60.130718954248366","0","0"
"1145","20","12","175","79","40.17685505574779","0","0"
"1144","20","12","175","118","49.44252210688197","0","0"
"1146","20","12","175","160","65.97462514417532","0","0"
"1149","20","12","200","161","58.477508650519034","0","0"
"1140","20","10","250","462","22.26066897347174","0","0"
"1150","20","12","225","141","49.25028835063437","0","0"
"1151","20","12","225","142","44.905805459438675","0","0"
"1142","20","12","150","594","23.990772779700116","0","0"
"1154","20","12","250","109","40.407535563244906","0","0"
"1152","20","12","225","179","54.786620530565166","0","0"
"1155","20","12","250","168","52.94117647058823","0","0"
"1148","20","12","200","846","43.29104190695886","0","0"
"1143","20","12","150","1045","21.376393694732794","0","0"
"1153","20","12","250","547","29.64244521337947","0","0"
"1159","20","14","175","136","46.90503652441369","0","0"
"1160","20","14","175","111","52.94117647058823","0","0"
"1161","20","14","175","149","57.51633986928105","0","0"
"1162","20","14","200","115","52.287581699346404","0","0"
"1156","20","14","150","631","41.522491349480966","0","0"
"1147","20","12","200","1251","80.50749711649365","0","0"
"1141","20","12","150","1500","21.10726643598616","19","0"
"1165","20","14","225","124","43.29104190695886","0","0"
"1166","20","14","225","109","46.44367550941946","0","0"
"1163","20","14","200","173","52.902729719338716","0","0"
"1158","20","14","150","593","41.63783160322953","0","0"
"1168","20","14","250","94","38.75432525951557","0","0"
"1170","20","14","250","99","43.98308342945021","0","0"
"1167","20","14","225","192","59.2079969242599","0","0"
"1171","20","16","150","109","54.01768550557478","0","0"
"1169","20","14","250","248","55.82468281430219","0","0"
"1157","20","14","150","914","28.489042675893888","0","0"
"1174","20","16","175","78","42.90657439446367","0","0"
"1175","20","16","175","113","41.753171856978085","0","0"
"1177","20","16","200","74","41.40715109573241","0","0"
"1176","20","16","175","112","51.63398692810458","0","0"
"1172","20","16","150","298","12.687427912341407","0","0"
"1178","20","16","200","135","47.866205305651675","0","0"
"1181","20","16","225","86","41.25336409073433","0","0"
"1183","20","16","250","74","36.409073433294886","0","0"
"1182","20","16","225","108","37.908496732026144","0","0"
"1173","20","16","150","326","14.186851211072664","0","0"
"1184","20","16","250","132","48.78892733564014","0","0"
"1185","20","16","250","137","48.67358708189158","0","0"
"1179","20","16","200","376","12.879661668589005","0","0"
"1188","20","18","150","97","49.55786236063053","0","0"
"1180","20","16","225","365","17.647058823529413","0","0"
"1191","20","18","175","68","44.40599769319493","0","0"
"1189","20","18","175","161","60.66897347174164","0","0"
"1192","20","18","200","88","42.90657439446367","0","0"
"1187","20","18","150","336","26.797385620915033","0","0"
"1195","20","18","225","155","48.48135332564398","0","0"
"1196","20","18","225","103","43.713956170703575","0","0"
"1198","20","18","250","97","37.40868896578239","0","0"
"1197","20","18","225","147","42.32987312572088","0","0"
"1193","20","18","200","350","12.956555171088043","0","0"
"1194","20","18","200","366","11.11111111111111","0","0"
"1199","20","18","250","194","49.51941560938101","0","0"
"1200","20","18","250","85","43.483275663206456","0","0"
"1164","20","14","200","1500","18.608227604767396","57","0"
"1203","20","20","150","92","45.32871972318339","0","0"
"1201","20","20","150","308","7.151095732410611","0","0"
"1206","20","20","175","115","50.55747789311803","0","0"
"1208","20","20","200","62","34.87120338331411","0","0"
"1204","20","20","175","368","11.80315263360246","0","0"
"1209","20","20","200","118","44.86735870818916","0","0"
"1205","20","20","175","376","10.957324106113033","0","0"
"1211","20","20","225","59","38.94655901576317","0","0"
"1210","20","20","225","76","36.255286428296806","0","0"
"1212","20","20","225","63","32.333717800845825","0","0"
"1213","20","20","250","72","36.87043444828912","0","0"
"1214","20","20","250","104","36.8319876970396","0","0"
"1215","20","20","250","124","40.5997693194925","0","0"
"1190","20","18","175","1267","8.035371011149557","0","0"
"1186","20","18","150","1500","43.40638216070742","53","0"
"1202","20","20","150","865","10.457516339869281","0","0"
"1207","20","20","200","1113","10.995770857362553","0","0"
